006139.jpg,43.83877944946289
005803.jpg,33.41888427734375
007211.jpg,15.354998588562012
005633.jpg,35.47200393676758
005998.jpg,44.0302619934082
007467.jpg,18.178470611572266
007310.jpg,18.36675453186035
007596.jpg,15.130447387695312
007598.jpg,27.16826057434082
006623.jpg,29.990610122680664
007129.jpg,15.58734130859375
007240.jpg,29.727657318115234
006891.jpg,29.9615478515625
005910.jpg,31.21904754638672
005779.jpg,65.51239013671875
006405.jpg,24.290267944335938
006740.jpg,30.986743927001953
006043.jpg,22.601682662963867
006038.jpg,28.080947875976562
006307.jpg,15.244964599609375
006024.jpg,31.51466178894043
007416.jpg,72.84146118164062
007009.jpg,31.939136505126953
006728.jpg,40.565670013427734
006261.jpg,35.1193962097168
007074.jpg,31.20140266418457
005659.jpg,36.7481803894043
005849.jpg,42.29796600341797
006619.jpg,34.09042739868164
005783.jpg,27.555038452148438
005900.jpg,31.077579498291016
006030.jpg,29.48459243774414
006678.jpg,41.765113830566406
005954.jpg,33.541439056396484
005902.jpg,31.604755401611328
006484.jpg,45.61448669433594
007519.jpg,28.487943649291992
006096.jpg,43.18704605102539
007314.jpg,29.099929809570312
006826.jpg,42.91940689086914
005917.jpg,38.64657211303711
007300.jpg,22.54811668395996
006409.jpg,46.43776321411133
006614.jpg,31.620304107666016
006717.jpg,44.02199935913086
007027.jpg,15.752120971679688
006962.jpg,17.350278854370117
007217.jpg,17.1178035736084
006287.jpg,28.814517974853516
006075.jpg,36.176551818847656
005879.jpg,33.91893005371094
006353.jpg,40.46002960205078
006215.jpg,57.75806427001953
007121.jpg,16.10000991821289
006804.jpg,20.73274040222168
006175.jpg,31.633604049682617
007445.jpg,70.26162719726562
007609.jpg,41.34259033203125
007031.jpg,35.411888122558594
007125.jpg,17.41084098815918
006975.jpg,70.38285827636719
007559.jpg,29.855243682861328
006295.jpg,39.71844482421875
006253.jpg,31.420549392700195
005693.jpg,27.564298629760742
006396.jpg,17.850988388061523
006358.jpg,31.47582244873047
005846.jpg,26.946678161621094
007536.jpg,15.580805778503418
007464.jpg,41.20876693725586
007531.jpg,36.34960174560547
006366.jpg,39.869503021240234
006592.jpg,21.86115074157715
007190.jpg,25.678913116455078
006864.jpg,33.402687072753906
006206.jpg,37.10048294067383
006015.jpg,42.201507568359375
007520.jpg,31.798343658447266
007064.jpg,31.691070556640625
005963.jpg,31.50093650817871
006952.jpg,40.75010299682617
007472.jpg,15.130696296691895
005853.jpg,38.11702346801758
006028.jpg,46.00484085083008
005991.jpg,35.04002380371094
006237.jpg,15.57338809967041
005673.jpg,52.52543640136719
006072.jpg,22.71315574645996
006126.jpg,42.16144943237305
006939.jpg,22.83465003967285
006779.jpg,17.795007705688477
005800.jpg,15.436161994934082
006074.jpg,21.579530715942383
006463.jpg,27.992477416992188
007443.jpg,19.231111526489258
005710.jpg,67.19763946533203
007269.jpg,18.033939361572266
007025.jpg,29.478252410888672
006876.jpg,22.454050064086914
006222.jpg,40.4954833984375
007117.jpg,18.794904708862305
005711.jpg,38.09138870239258
007505.jpg,36.08626937866211
005971.jpg,18.53582763671875
005941.jpg,49.09862518310547
007156.jpg,32.84033203125
005656.jpg,28.398284912109375
006508.jpg,30.62364959716797
006602.jpg,36.38479232788086
007452.jpg,26.99112892150879
006564.jpg,28.980327606201172
007016.jpg,49.334007263183594
006364.jpg,40.69622802734375
006798.jpg,53.84843063354492
006774.jpg,31.89891242980957
006046.jpg,29.334821701049805
006145.jpg,30.162588119506836
006130.jpg,26.784582138061523
007359.jpg,33.71266174316406
006787.jpg,21.80723762512207
007550.jpg,32.04640197753906
007108.jpg,32.05734634399414
007207.jpg,28.6619873046875
006495.jpg,25.00758171081543
005932.jpg,51.944583892822266
006489.jpg,48.05293655395508
006167.jpg,20.911035537719727
006883.jpg,29.931364059448242
006929.jpg,17.994569778442383
006294.jpg,22.933319091796875
006263.jpg,39.87272262573242
007123.jpg,31.581809997558594
007352.jpg,26.605924606323242
006646.jpg,28.749889373779297
006365.jpg,26.76238250732422
006264.jpg,29.445449829101562
006158.jpg,47.70615005493164
007053.jpg,26.851272583007812
006640.jpg,33.76802444458008
006675.jpg,37.004310607910156
005898.jpg,44.95681381225586
005855.jpg,25.268966674804688
005806.jpg,77.25846099853516
007463.jpg,34.70095443725586
006795.jpg,15.067888259887695
006422.jpg,26.251916885375977
006025.jpg,37.472991943359375
007282.jpg,26.862886428833008
006486.jpg,19.930461883544922
007591.jpg,30.59884262084961
007405.jpg,33.6934928894043
006578.jpg,15.188292503356934
005911.jpg,36.694278717041016
006445.jpg,49.670406341552734
007112.jpg,27.205690383911133
005857.jpg,27.530803680419922
007381.jpg,15.841547966003418
007092.jpg,31.441680908203125
007189.jpg,40.983177185058594
005775.jpg,48.27811813354492
006501.jpg,53.98600769042969
005976.jpg,26.368494033813477
005958.jpg,35.15669250488281
007065.jpg,19.472740173339844
006290.jpg,20.033279418945312
006808.jpg,29.549787521362305
007257.jpg,19.363069534301758
006399.jpg,30.28582191467285
006677.jpg,18.613073348999023
007238.jpg,25.94133758544922
007336.jpg,37.72068786621094
006482.jpg,34.831764221191406
006596.jpg,49.103275299072266
007272.jpg,15.453558921813965
006511.jpg,38.26949691772461
005913.jpg,28.686872482299805
005725.jpg,16.491806030273438
006273.jpg,72.72724151611328
006135.jpg,20.276126861572266
006268.jpg,32.20713424682617
005864.jpg,33.800865173339844
005740.jpg,34.05796432495117
007418.jpg,44.06447219848633
005892.jpg,59.263729095458984
007236.jpg,15.033072471618652
007055.jpg,32.088218688964844
007172.jpg,16.737573623657227
005881.jpg,53.407127380371094
006507.jpg,21.447206497192383
006824.jpg,19.989606857299805
006923.jpg,44.65309143066406
007375.jpg,52.38016128540039
006807.jpg,28.37173843383789
007227.jpg,23.595781326293945
006724.jpg,33.945064544677734
007160.jpg,21.568639755249023
006448.jpg,21.807769775390625
006765.jpg,77.63145446777344
005624.jpg,30.97686004638672
006106.jpg,35.52200698852539
006446.jpg,16.507911682128906
005700.jpg,77.85382080078125
007318.jpg,32.129634857177734
007140.jpg,29.199771881103516
007014.jpg,31.051820755004883
007131.jpg,21.129474639892578
006318.jpg,34.34328079223633
006524.jpg,28.154035568237305
006964.jpg,15.128560066223145
006310.jpg,32.095211029052734
006279.jpg,32.93312454223633
006763.jpg,15.127168655395508
006626.jpg,15.598223686218262
006225.jpg,31.14164161682129
006392.jpg,39.7296257019043
007007.jpg,21.461755752563477
007267.jpg,31.176292419433594
006382.jpg,31.305269241333008
006934.jpg,33.11417770385742
006429.jpg,36.93163299560547
007030.jpg,15.361486434936523
007486.jpg,15.257248878479004
007439.jpg,53.167564392089844
007084.jpg,32.695369720458984
005757.jpg,25.382966995239258
007398.jpg,33.046932220458984
007039.jpg,15.897138595581055
007124.jpg,16.0231876373291
007212.jpg,27.527202606201172
007451.jpg,26.64599609375
006815.jpg,32.3499755859375
007546.jpg,26.126625061035156
007420.jpg,15.41666030883789
005915.jpg,29.741247177124023
005745.jpg,50.875980377197266
007278.jpg,31.739952087402344
007229.jpg,32.913108825683594
005872.jpg,46.61146545410156
006810.jpg,30.77395248413086
007510.jpg,27.825389862060547
006562.jpg,52.49397659301758
006064.jpg,30.914152145385742
006491.jpg,32.603416442871094
007082.jpg,48.462669372558594
007557.jpg,35.448997497558594
006051.jpg,17.56730842590332
006627.jpg,20.340923309326172
006383.jpg,82.19528198242188
007244.jpg,24.878326416015625
006517.jpg,36.02019500732422
006661.jpg,15.549839973449707
006905.jpg,27.91282844543457
005721.jpg,37.24678421020508
005901.jpg,29.408021926879883
007113.jpg,19.21227264404297
005651.jpg,28.95905876159668
007593.jpg,30.358245849609375
006803.jpg,29.841026306152344
007395.jpg,38.092464447021484
007421.jpg,32.212928771972656
006311.jpg,51.07963562011719
006818.jpg,36.24424743652344
006890.jpg,15.230664253234863
007530.jpg,26.926671981811523
007285.jpg,36.608253479003906
005795.jpg,46.532447814941406
007514.jpg,35.16370391845703
007483.jpg,21.6039981842041
006850.jpg,30.341392517089844
006235.jpg,26.626569747924805
006516.jpg,46.486228942871094
006324.jpg,33.23386001586914
006057.jpg,30.166942596435547
007503.jpg,34.38773727416992
006265.jpg,39.291290283203125
006624.jpg,60.51246643066406
006741.jpg,27.061710357666016
005657.jpg,35.08660888671875
005744.jpg,30.047893524169922
006941.jpg,40.19383239746094
005959.jpg,30.743576049804688
006438.jpg,20.87288475036621
006907.jpg,24.91303062438965
006042.jpg,35.74174880981445
007560.jpg,16.916139602661133
005950.jpg,55.39052963256836
005787.jpg,43.30419158935547
007046.jpg,25.329362869262695
007188.jpg,32.80767059326172
006869.jpg,36.43037796020508
006110.jpg,39.39982223510742
006540.jpg,38.3289794921875
006781.jpg,25.847448348999023
005808.jpg,57.490333557128906
006949.jpg,58.57744598388672
006879.jpg,51.33417892456055
006009.jpg,44.350460052490234
006302.jpg,30.093093872070312
006723.jpg,25.918615341186523
007549.jpg,61.88758850097656
007341.jpg,34.30174255371094
007498.jpg,34.763729095458984
005870.jpg,46.02802276611328
007193.jpg,18.59252166748047
006350.jpg,47.514808654785156
005989.jpg,33.772823333740234
005774.jpg,35.289459228515625
006054.jpg,28.514549255371094
006963.jpg,80.32966613769531
006983.jpg,34.065406799316406
007481.jpg,34.79656982421875
007608.jpg,24.157421112060547
007313.jpg,53.3870964050293
007135.jpg,26.882959365844727
007301.jpg,17.71929168701172
006432.jpg,31.31696128845215
006861.jpg,26.375709533691406
005999.jpg,64.2899169921875
005736.jpg,42.68013000488281
006773.jpg,21.348323822021484
006012.jpg,25.140962600708008
006636.jpg,15.247757911682129
007104.jpg,61.55517578125
006733.jpg,47.089420318603516
007004.jpg,30.05287742614746
005748.jpg,33.457664489746094
006168.jpg,50.234798431396484
006825.jpg,31.86939239501953
007265.jpg,34.87335205078125
007466.jpg,36.88229751586914
007509.jpg,46.15646743774414
007432.jpg,39.107913970947266
007150.jpg,47.45503616333008
005817.jpg,28.575565338134766
006641.jpg,29.942821502685547
005859.jpg,31.863224029541016
007057.jpg,21.27757453918457
007166.jpg,31.90781593322754
005938.jpg,40.584373474121094
006784.jpg,15.58311939239502
006125.jpg,38.838714599609375
006278.jpg,34.70281219482422
007447.jpg,63.02592849731445
006080.jpg,43.70146179199219
005897.jpg,15.058484077453613
005871.jpg,30.02694320678711
006022.jpg,45.76314163208008
007299.jpg,29.044036865234375
006449.jpg,29.295372009277344
005969.jpg,20.779016494750977
007044.jpg,29.407669067382812
006851.jpg,21.562849044799805
006752.jpg,21.597679138183594
006384.jpg,45.54042434692383
005848.jpg,40.006465911865234
007460.jpg,39.615875244140625
006427.jpg,18.603322982788086
007436.jpg,27.39679718017578
007497.jpg,29.159046173095703
006926.jpg,28.773237228393555
006060.jpg,34.952911376953125
006146.jpg,31.7893123626709
007386.jpg,44.83197784423828
007273.jpg,34.83852767944336
007470.jpg,25.516963958740234
006776.jpg,16.45917510986328
006272.jpg,27.535022735595703
006659.jpg,16.02239990234375
007114.jpg,30.476041793823242
006360.jpg,64.77838897705078
007568.jpg,17.88162612915039
007400.jpg,23.44415283203125
006525.jpg,32.66543960571289
007101.jpg,43.3789176940918
005837.jpg,34.05198669433594
007434.jpg,54.73198318481445
006689.jpg,46.03386688232422
007562.jpg,42.945072174072266
007415.jpg,20.225183486938477
005627.jpg,33.123939514160156
006900.jpg,38.86660385131836
005668.jpg,40.86404800415039
006357.jpg,39.27888488769531
006572.jpg,28.817642211914062
007607.jpg,24.1964111328125
006950.jpg,53.17739486694336
006280.jpg,29.8469181060791
006665.jpg,22.93549156188965
006355.jpg,57.14875411987305
006453.jpg,35.42882537841797
007532.jpg,32.51053237915039
005699.jpg,37.600669860839844
006871.jpg,30.016345977783203
005728.jpg,20.934280395507812
006695.jpg,30.414024353027344
006037.jpg,23.186939239501953
007319.jpg,32.19547653198242
005690.jpg,29.86897087097168
007137.jpg,15.953875541687012
006852.jpg,27.74370002746582
007360.jpg,71.08997344970703
007601.jpg,27.5836124420166
006134.jpg,21.435270309448242
006058.jpg,32.388450622558594
006386.jpg,45.775062561035156
006662.jpg,51.369102478027344
006966.jpg,33.765525817871094
006712.jpg,45.636451721191406
005847.jpg,23.199960708618164
007107.jpg,29.58012580871582
006095.jpg,30.400066375732422
005732.jpg,73.46439361572266
007437.jpg,41.06562423706055
007174.jpg,37.64132308959961
006400.jpg,31.156522750854492
007521.jpg,44.74751281738281
007063.jpg,40.4631462097168
006425.jpg,34.59341812133789
006211.jpg,15.889735221862793
006656.jpg,36.99769973754883
005862.jpg,30.576091766357422
006488.jpg,17.03952980041504
005796.jpg,33.74761962890625
006242.jpg,30.963123321533203
006209.jpg,27.632984161376953
007438.jpg,20.45787811279297
007081.jpg,48.09132385253906
007202.jpg,37.78441619873047
006617.jpg,36.560707092285156
007547.jpg,15.770995140075684
006899.jpg,31.151779174804688
007379.jpg,35.1695556640625
006152.jpg,19.469053268432617
007412.jpg,29.488628387451172
006534.jpg,17.284345626831055
005878.jpg,28.87110710144043
006633.jpg,31.624488830566406
006868.jpg,23.210247039794922
005717.jpg,29.904895782470703
007232.jpg,33.15876388549805
005662.jpg,35.54362487792969
007324.jpg,41.03480529785156
006309.jpg,65.55598449707031
006873.jpg,57.11587142944336
006545.jpg,24.7319278717041
005821.jpg,30.539255142211914
006933.jpg,15.43557357788086
006814.jpg,26.692155838012695
006917.jpg,31.6888370513916
007328.jpg,28.080440521240234
007020.jpg,30.35598373413086
006137.jpg,28.703325271606445
005970.jpg,26.373981475830078
006248.jpg,21.619564056396484
005823.jpg,19.375961303710938
007478.jpg,20.51859474182129
005884.jpg,24.677505493164062
005920.jpg,27.58718490600586
006977.jpg,31.13869285583496
005827.jpg,40.36492156982422
006218.jpg,29.601198196411133
005685.jpg,25.225170135498047
006532.jpg,18.182790756225586
007235.jpg,30.61136817932129
006078.jpg,37.40100860595703
007604.jpg,35.99302291870117
006544.jpg,26.107994079589844
007312.jpg,34.220054626464844
006792.jpg,27.824281692504883
005814.jpg,37.44746780395508
005766.jpg,23.96387481689453
006828.jpg,37.42319107055664
005831.jpg,26.619787216186523
006373.jpg,33.18773651123047
006216.jpg,36.70671844482422
006800.jpg,16.648197174072266
006951.jpg,28.177988052368164
006073.jpg,37.21576690673828
006502.jpg,18.389949798583984
007261.jpg,32.95271301269531
007000.jpg,15.11386489868164
006811.jpg,32.940155029296875
007563.jpg,15.235162734985352
007284.jpg,30.245738983154297
006647.jpg,43.77119827270508
007228.jpg,19.961688995361328
007293.jpg,31.920656204223633
007042.jpg,24.219881057739258
007002.jpg,62.722450256347656
007139.jpg,59.59674072265625
007429.jpg,15.293044090270996
005618.jpg,41.44526290893555
007179.jpg,18.05326271057129
006809.jpg,26.54814910888672
006703.jpg,43.681095123291016
007501.jpg,15.607474327087402
006283.jpg,38.59689712524414
006156.jpg,39.9388427734375
007062.jpg,15.04238510131836
007279.jpg,68.12046813964844
006547.jpg,25.849428176879883
005622.jpg,42.547054290771484
006780.jpg,22.785091400146484
006423.jpg,29.68710708618164
006746.jpg,75.33306884765625
006433.jpg,30.200695037841797
006760.jpg,55.740230560302734
007110.jpg,70.03231048583984
007442.jpg,36.2464714050293
007396.jpg,17.269535064697266
006639.jpg,33.86656951904297
006412.jpg,48.72883987426758
006217.jpg,26.53158950805664
006471.jpg,35.62721252441406
006704.jpg,38.15055847167969
006067.jpg,63.03520965576172
006394.jpg,42.98341751098633
007605.jpg,15.015633583068848
007234.jpg,52.19245529174805
006893.jpg,28.492616653442383
005874.jpg,26.647781372070312
007118.jpg,29.95762062072754
007295.jpg,28.05226707458496
006770.jpg,55.21276092529297
006170.jpg,44.01313018798828
006101.jpg,60.81703567504883
005746.jpg,70.65371704101562
006252.jpg,80.08348846435547
007553.jpg,51.947357177734375
006224.jpg,47.09598922729492
007433.jpg,20.261930465698242
007349.jpg,18.853548049926758
006860.jpg,41.05793762207031
006554.jpg,32.18345260620117
007252.jpg,15.139276504516602
006337.jpg,51.063148498535156
006005.jpg,38.358734130859375
006697.jpg,44.257728576660156
007263.jpg,22.217689514160156
006735.jpg,30.170974731445312
006991.jpg,28.77243995666504
006837.jpg,38.64291000366211
007528.jpg,20.209857940673828
007306.jpg,28.955608367919922
005647.jpg,25.022228240966797
006736.jpg,15.237005233764648
007161.jpg,40.2245979309082
005856.jpg,36.52555465698242
007182.jpg,27.014509201049805
006173.jpg,32.73786544799805
005834.jpg,43.52452850341797
006796.jpg,34.14064025878906
006902.jpg,16.298738479614258
006221.jpg,53.340641021728516
007141.jpg,63.45100402832031
007012.jpg,27.19378662109375
006439.jpg,34.695980072021484
007205.jpg,49.18618392944336
007362.jpg,27.280961990356445
006180.jpg,58.31066131591797
006673.jpg,24.522567749023438
007098.jpg,38.82588577270508
007302.jpg,30.420608520507812
007090.jpg,30.1060791015625
005731.jpg,27.716190338134766
007168.jpg,31.390182495117188
006706.jpg,40.51960372924805
005698.jpg,37.66676712036133
007580.jpg,32.21936798095703
006637.jpg,32.21449661254883
006530.jpg,35.21499252319336
005822.jpg,30.704294204711914
005648.jpg,37.45967483520508
007529.jpg,15.126638412475586
005764.jpg,30.67485237121582
007222.jpg,45.3809700012207
007153.jpg,30.074254989624023
007477.jpg,15.155862808227539
005858.jpg,29.89217185974121
005780.jpg,44.43503952026367
006176.jpg,55.05867004394531
005688.jpg,15.013839721679688
005833.jpg,28.364524841308594
006114.jpg,26.262229919433594
005967.jpg,42.439353942871094
006441.jpg,61.440277099609375
007246.jpg,42.932701110839844
005918.jpg,28.739091873168945
005669.jpg,36.36935043334961
005614.jpg,58.31770706176758
007320.jpg,32.45543670654297
007543.jpg,28.495525360107422
006821.jpg,47.99168395996094
005873.jpg,39.83613967895508
007407.jpg,62.06512451171875
007130.jpg,15.68956470489502
006428.jpg,33.42009353637695
005707.jpg,32.911376953125
006119.jpg,61.34016036987305
006014.jpg,33.1955451965332
007087.jpg,34.74882125854492
006748.jpg,37.47804260253906
007527.jpg,16.408666610717773
005723.jpg,25.21176528930664
005804.jpg,26.9737491607666
006684.jpg,59.0463752746582
005666.jpg,46.65740966796875
006693.jpg,41.16445541381836
006052.jpg,44.559165954589844
006762.jpg,33.83714294433594
007545.jpg,51.86834716796875
007061.jpg,16.817508697509766
007556.jpg,39.10585403442383
005965.jpg,30.372053146362305
006756.jpg,30.673789978027344
006313.jpg,42.173648834228516
007351.jpg,20.057144165039062
006388.jpg,22.6866397857666
007513.jpg,50.688011169433594
006726.jpg,26.78322982788086
007424.jpg,58.37303161621094
007482.jpg,24.7839298248291
005826.jpg,24.955183029174805
006181.jpg,58.56394577026367
005641.jpg,25.24353790283203
007331.jpg,34.48179244995117
006930.jpg,18.360485076904297
006638.jpg,28.00286865234375
006238.jpg,34.9215202331543
005886.jpg,48.246097564697266
006246.jpg,29.21969223022461
006356.jpg,38.85435104370117
006214.jpg,69.50798034667969
006586.jpg,38.55952835083008
006615.jpg,29.416261672973633
006570.jpg,23.91766357421875
005838.jpg,42.338165283203125
005891.jpg,35.8845100402832
006000.jpg,54.93421173095703
005790.jpg,17.303361892700195
007406.jpg,41.141075134277344
007219.jpg,31.854949951171875
007067.jpg,29.83671760559082
006027.jpg,40.71016311645508
006531.jpg,67.11827850341797
007523.jpg,36.02559280395508
007032.jpg,35.8294677734375
006519.jpg,24.877439498901367
006411.jpg,37.16938781738281
007548.jpg,15.063957214355469
006116.jpg,26.873958587646484
006644.jpg,66.71219635009766
007506.jpg,22.78619384765625
006699.jpg,36.982276916503906
006234.jpg,26.65513801574707
007565.jpg,15.180206298828125
007342.jpg,30.569581985473633
006528.jpg,24.476402282714844
006629.jpg,34.904258728027344
007213.jpg,31.28753662109375
007413.jpg,33.25490951538086
007136.jpg,20.102828979492188
006801.jpg,26.694421768188477
006725.jpg,73.71260070800781
005842.jpg,52.81626510620117
006076.jpg,21.297983169555664
007422.jpg,29.438982009887695
005679.jpg,33.627506256103516
006155.jpg,22.415966033935547
006347.jpg,29.521501541137695
006820.jpg,30.570697784423828
006669.jpg,59.609588623046875
007587.jpg,40.68741989135742
006285.jpg,62.438385009765625
006100.jpg,67.96624755859375
006587.jpg,45.21537399291992
006922.jpg,28.127859115600586
007075.jpg,21.59591293334961
006219.jpg,27.427963256835938
006969.jpg,25.091018676757812
006301.jpg,32.243961334228516
005866.jpg,30.086606979370117
006462.jpg,35.97383499145508
006604.jpg,25.52947235107422
007119.jpg,52.663978576660156
005793.jpg,26.501903533935547
005751.jpg,26.468523025512695
005687.jpg,35.58653259277344
005940.jpg,71.03877258300781
006758.jpg,19.612377166748047
006903.jpg,37.93059158325195
006149.jpg,23.89134979248047
006201.jpg,31.977214813232422
006878.jpg,32.60751724243164
006398.jpg,35.984092712402344
007394.jpg,57.99808120727539
006753.jpg,23.03437042236328
007148.jpg,28.268413543701172
006643.jpg,43.34855270385742
005975.jpg,32.846309661865234
007280.jpg,35.05741500854492
007522.jpg,15.709466934204102
006442.jpg,25.41818618774414
006721.jpg,16.760358810424805
006576.jpg,29.66447639465332
005801.jpg,27.803817749023438
007356.jpg,16.017993927001953
007196.jpg,25.745115280151367
005781.jpg,23.63438606262207
006193.jpg,47.72031784057617
005978.jpg,36.25313949584961
006953.jpg,37.21554183959961
006565.jpg,30.294069290161133
005631.jpg,33.433895111083984
005784.jpg,30.666536331176758
006466.jpg,48.029685974121094
006085.jpg,60.55210876464844
005772.jpg,60.96742630004883
005930.jpg,30.421337127685547
006504.jpg,31.98907470703125
005718.jpg,37.96802520751953
005914.jpg,23.780662536621094
006071.jpg,34.20173645019531
006936.jpg,20.244869232177734
007321.jpg,15.771820068359375
006855.jpg,40.05775833129883
006957.jpg,41.40947723388672
006136.jpg,37.47378921508789
005702.jpg,33.942108154296875
006251.jpg,28.793901443481445
006082.jpg,27.48125457763672
006862.jpg,27.88666534423828
007334.jpg,30.438251495361328
006452.jpg,31.145475387573242
006342.jpg,46.213905334472656
007224.jpg,31.041135787963867
006844.jpg,31.530418395996094
007158.jpg,18.14491081237793
006070.jpg,30.115848541259766
007013.jpg,44.311614990234375
006705.jpg,65.40900421142578
005714.jpg,48.101966857910156
005935.jpg,28.44024085998535
006894.jpg,16.138322830200195
006523.jpg,45.661521911621094
006338.jpg,53.75209426879883
005907.jpg,27.862323760986328
006250.jpg,18.024452209472656
006766.jpg,57.34244155883789
005944.jpg,23.14437484741211
006021.jpg,33.1600227355957
006186.jpg,33.67374038696289
006805.jpg,17.78729248046875
007373.jpg,30.155776977539062
006555.jpg,46.58360290527344
006683.jpg,70.69694519042969
007169.jpg,59.68661117553711
006088.jpg,45.21347427368164
005909.jpg,48.52796936035156
006790.jpg,29.396303176879883
006296.jpg,41.626338958740234
006165.jpg,33.21583938598633
006582.jpg,22.216215133666992
006320.jpg,24.000547409057617
006849.jpg,31.919586181640625
005931.jpg,28.561004638671875
007034.jpg,15.369501113891602
006013.jpg,31.827049255371094
006848.jpg,17.583919525146484
006300.jpg,24.41119384765625
005810.jpg,59.345706939697266
006518.jpg,30.707067489624023
006430.jpg,18.00079917907715
006925.jpg,42.50404739379883
006092.jpg,19.407787322998047
007134.jpg,44.40072250366211
006649.jpg,34.14588165283203
007370.jpg,31.617212295532227
007128.jpg,15.736473083496094
006379.jpg,30.676319122314453
005937.jpg,23.353416442871094
005868.jpg,35.61637496948242
007537.jpg,19.50953483581543
006859.jpg,17.52508544921875
007488.jpg,37.71482849121094
006007.jpg,29.10670280456543
006946.jpg,24.727224349975586
006048.jpg,32.761436462402344
007183.jpg,15.026399612426758
007010.jpg,30.08615493774414
007226.jpg,42.842071533203125
005819.jpg,35.192718505859375
005667.jpg,39.056922912597656
007490.jpg,41.44651412963867
007066.jpg,25.346086502075195
006777.jpg,17.89020538330078
007578.jpg,51.69705581665039
007592.jpg,50.537044525146484
007248.jpg,31.698625564575195
005621.jpg,29.521703720092773
005763.jpg,32.61447525024414
007260.jpg,17.214365005493164
005888.jpg,39.4291877746582
007541.jpg,42.62134552001953
006520.jpg,55.781436920166016
006794.jpg,28.486587524414062
006819.jpg,15.007617950439453
005616.jpg,25.901643753051758
006142.jpg,57.48748779296875
006985.jpg,41.211761474609375
007231.jpg,19.265979766845703
007143.jpg,27.247886657714844
007606.jpg,31.91518783569336
006932.jpg,58.156253814697266
006329.jpg,46.15790939331055
007203.jpg,36.529701232910156
006904.jpg,30.484451293945312
006847.jpg,35.335567474365234
007041.jpg,54.38758087158203
006345.jpg,27.905099868774414
006561.jpg,29.067983627319336
006274.jpg,22.94735336303711
006115.jpg,28.706039428710938
006185.jpg,29.494958877563477
006591.jpg,21.42306900024414
006785.jpg,18.04962158203125
006194.jpg,26.20412254333496
006908.jpg,54.71479034423828
007126.jpg,29.93242835998535
006583.jpg,48.00722885131836
007338.jpg,44.116214752197266
005758.jpg,25.529054641723633
006006.jpg,32.31793975830078
005676.jpg,37.048831939697266
006424.jpg,38.305843353271484
007585.jpg,32.02806091308594
007465.jpg,15.430107116699219
006443.jpg,29.905685424804688
006749.jpg,57.58030700683594
006182.jpg,34.44511413574219
006686.jpg,26.462770462036133
005867.jpg,67.07731628417969
005709.jpg,58.35910415649414
006344.jpg,31.103469848632812
007233.jpg,33.28042984008789
006191.jpg,19.920883178710938
005993.jpg,48.744380950927734
006413.jpg,54.03805923461914
007058.jpg,15.795632362365723
006982.jpg,20.031373977661133
006642.jpg,17.985454559326172
007603.jpg,34.579708099365234
007155.jpg,26.87531852722168
005825.jpg,39.896095275878906
007496.jpg,33.78065872192383
006091.jpg,51.128143310546875
005979.jpg,33.43651580810547
007539.jpg,40.088592529296875
005634.jpg,21.99018096923828
005683.jpg,26.594558715820312
006778.jpg,30.592426300048828
006315.jpg,29.845863342285156
006408.jpg,39.75846862792969
006679.jpg,58.62308883666992
006066.jpg,38.62070846557617
005625.jpg,29.961397171020508
006485.jpg,51.873199462890625
006440.jpg,38.29423522949219
006374.jpg,23.32306480407715
006840.jpg,36.50254821777344
007019.jpg,32.6224365234375
007023.jpg,31.92520523071289
005854.jpg,28.380924224853516
006674.jpg,27.763357162475586
006743.jpg,20.040607452392578
007538.jpg,50.356903076171875
007475.jpg,15.947408676147461
007493.jpg,27.012910842895508
006276.jpg,65.53841400146484
005671.jpg,23.645263671875
006479.jpg,18.9841365814209
007181.jpg,25.835012435913086
006077.jpg,39.35468673706055
006472.jpg,36.011844635009766
005977.jpg,37.58316421508789
006029.jpg,28.210041046142578
006897.jpg,17.556507110595703
007070.jpg,40.79629135131836
006503.jpg,34.03263473510742
005997.jpg,20.00434684753418
005946.jpg,40.23442840576172
007345.jpg,15.288508415222168
006995.jpg,31.441936492919922
006783.jpg,61.09090042114258
005877.jpg,45.54767990112305
006118.jpg,56.63123321533203
007516.jpg,18.07860565185547
007588.jpg,32.30363082885742
005742.jpg,30.902856826782227
006607.jpg,50.259803771972656
006304.jpg,33.09405517578125
007005.jpg,25.267087936401367
005957.jpg,33.39598083496094
005770.jpg,29.035737991333008
006961.jpg,15.632969856262207
006998.jpg,31.334163665771484
006620.jpg,20.286767959594727
006254.jpg,33.69145965576172
006940.jpg,30.089588165283203
006577.jpg,35.006988525390625
006823.jpg,15.025263786315918
006460.jpg,32.03388214111328
007597.jpg,29.071876525878906
006542.jpg,49.61279296875
005802.jpg,41.18989562988281
007077.jpg,30.29804801940918
006282.jpg,57.08913803100586
005889.jpg,15.663077354431152
006352.jpg,37.495750427246094
006111.jpg,32.822120666503906
007157.jpg,16.18228530883789
006722.jpg,27.62626838684082
006645.jpg,31.724275588989258
007571.jpg,23.769851684570312
006536.jpg,49.34828186035156
005615.jpg,43.812435150146484
005738.jpg,35.86958694458008
007343.jpg,32.21666717529297
005903.jpg,37.26633834838867
006207.jpg,19.682838439941406
006244.jpg,32.62080001831055
007402.jpg,28.583824157714844
006473.jpg,20.72586441040039
007512.jpg,30.397844314575195
006017.jpg,40.763729095458984
007197.jpg,26.19687271118164
005769.jpg,67.21516418457031
007247.jpg,35.859745025634766
007028.jpg,28.6102237701416
006718.jpg,20.62221908569336
006854.jpg,29.971935272216797
005925.jpg,18.675411224365234
005929.jpg,31.937715530395508
006213.jpg,30.864173889160156
006475.jpg,26.70109748840332
007401.jpg,25.613920211791992
006087.jpg,32.0139274597168
007298.jpg,28.589139938354492
006267.jpg,28.861845016479492
005919.jpg,50.03030776977539
006976.jpg,28.498300552368164
006255.jpg,38.963104248046875
006846.jpg,37.151527404785156
007079.jpg,28.645044326782227
005777.jpg,26.700681686401367
006942.jpg,45.28217315673828
007346.jpg,27.895660400390625
006709.jpg,31.159696578979492
007201.jpg,19.020795822143555
006127.jpg,33.49363327026367
005973.jpg,37.52647018432617
006053.jpg,63.46623992919922
006275.jpg,31.68741798400879
007504.jpg,23.952505111694336
007024.jpg,48.375247955322266
006177.jpg,16.993436813354492
006621.jpg,40.307029724121094
005697.jpg,35.22795867919922
006512.jpg,52.406776428222656
007561.jpg,30.294158935546875
006919.jpg,51.647216796875
006293.jpg,54.96892547607422
006450.jpg,28.914093017578125
005729.jpg,30.711034774780273
007089.jpg,64.20957946777344
007006.jpg,16.06089973449707
006157.jpg,46.551212310791016
007333.jpg,15.881373405456543
007378.jpg,59.52278137207031
006956.jpg,25.1384334564209
006631.jpg,55.184112548828125
006574.jpg,32.72263717651367
006418.jpg,32.23049545288086
005956.jpg,41.5342903137207
007199.jpg,27.615812301635742
006496.jpg,26.086589813232422
006581.jpg,63.57916259765625
007455.jpg,65.85250091552734
006666.jpg,30.961339950561523
006546.jpg,30.63292694091797
006150.jpg,41.8807487487793
006494.jpg,36.031070709228516
006913.jpg,17.023345947265625
006901.jpg,27.722553253173828
006688.jpg,38.084617614746094
006478.jpg,37.69265365600586
007230.jpg,23.610713958740234
007533.jpg,36.32406997680664
006371.jpg,34.019859313964844
007573.jpg,22.606035232543945
006750.jpg,28.529977798461914
006682.jpg,21.72941017150879
005947.jpg,39.393516540527344
007093.jpg,43.42646408081055
005750.jpg,51.40580368041992
005845.jpg,41.18135452270508
007399.jpg,38.49402618408203
007584.jpg,51.54051208496094
006751.jpg,26.194578170776367
007330.jpg,34.30374526977539
007083.jpg,15.083721160888672
006286.jpg,32.352622985839844
005786.jpg,39.52113342285156
007468.jpg,39.910499572753906
006178.jpg,20.73485565185547
006468.jpg,33.138858795166016
007335.jpg,15.072067260742188
007210.jpg,62.79988098144531
006368.jpg,37.1121711730957
006434.jpg,49.992584228515625
007245.jpg,35.04903030395508
006247.jpg,41.38984298706055
007544.jpg,33.777854919433594
007535.jpg,15.67258358001709
006685.jpg,24.956302642822266
007542.jpg,42.196773529052734
006747.jpg,28.015663146972656
005951.jpg,30.525413513183594
007187.jpg,25.532794952392578
005840.jpg,16.351320266723633
007259.jpg,42.359291076660156
007171.jpg,27.061620712280273
007185.jpg,37.04978942871094
006594.jpg,36.76838302612305
007461.jpg,24.942867279052734
005912.jpg,31.0728816986084
006415.jpg,40.99898910522461
006945.jpg,31.51153564453125
006769.jpg,33.6863899230957
007316.jpg,51.82547378540039
005928.jpg,31.17550277709961
007026.jpg,18.55706787109375
006789.jpg,57.35651397705078
006094.jpg,30.262727737426758
006526.jpg,31.501781463623047
006231.jpg,26.060606002807617
006122.jpg,53.083858489990234
006406.jpg,30.15143585205078
006653.jpg,28.857341766357422
006390.jpg,33.1230583190918
006867.jpg,50.780860900878906
007489.jpg,27.02614974975586
006189.jpg,17.962926864624023
005773.jpg,20.977134704589844
006228.jpg,55.80122756958008
005836.jpg,34.13529586791992
006340.jpg,41.67356872558594
007241.jpg,69.75806427001953
005649.jpg,29.411245346069336
006556.jpg,17.742942810058594
006291.jpg,72.005126953125
006049.jpg,28.10823631286621
006978.jpg,30.64409637451172
005760.jpg,40.037986755371094
007388.jpg,53.83435821533203
007511.jpg,31.790254592895508
006505.jpg,32.86834716796875
006160.jpg,37.54890060424805
007045.jpg,43.53745651245117
006521.jpg,42.10565948486328
006759.jpg,36.239410400390625
006393.jpg,31.682735443115234
007393.jpg,15.900301933288574
006387.jpg,49.23276901245117
006034.jpg,28.429319381713867
007389.jpg,28.467626571655273
006548.jpg,21.909839630126953
005623.jpg,50.02243423461914
006597.jpg,38.840049743652344
007250.jpg,30.535400390625
007198.jpg,62.953407287597656
006317.jpg,33.62526321411133
006098.jpg,43.44091796875
006068.jpg,29.44524383544922
007577.jpg,15.590740203857422
005916.jpg,39.43775939941406
005966.jpg,30.914104461669922
007423.jpg,37.4688606262207
007275.jpg,30.383750915527344
005665.jpg,31.13601303100586
005972.jpg,35.57757568359375
006608.jpg,29.484209060668945
006833.jpg,26.656965255737305
006885.jpg,26.782127380371094
006696.jpg,37.510955810546875
006938.jpg,31.28907585144043
006316.jpg,55.11122131347656
005678.jpg,32.59523391723633
007599.jpg,17.75174903869629
005674.jpg,33.333316802978516
006588.jpg,33.898902893066406
007307.jpg,23.626752853393555
005613.jpg,18.40440559387207
006909.jpg,34.958065032958984
006339.jpg,50.736106872558594
006245.jpg,50.652767181396484
006183.jpg,28.0245304107666
007251.jpg,49.56829833984375
007449.jpg,40.07886505126953
007111.jpg,31.72691535949707
006113.jpg,30.212867736816406
007462.jpg,47.75328063964844
005921.jpg,31.362634658813477
007558.jpg,22.098907470703125
006853.jpg,20.678979873657227
007323.jpg,30.907352447509766
006558.jpg,25.845842361450195
007495.jpg,15.992103576660156
006980.jpg,20.837862014770508
005759.jpg,40.02495574951172
007254.jpg,69.84688568115234
006931.jpg,16.50752830505371
006737.jpg,37.61916732788086
006786.jpg,50.74812316894531
006105.jpg,37.18342971801758
006886.jpg,50.670448303222656
006896.jpg,19.113035202026367
007450.jpg,20.42398452758789
005964.jpg,55.67932891845703
006259.jpg,33.54460906982422
006663.jpg,37.42788314819336
006303.jpg,31.295289993286133
007243.jpg,15.316004753112793
006987.jpg,17.460193634033203
007165.jpg,49.24330520629883
007266.jpg,29.270416259765625
006208.jpg,42.14311981201172
006108.jpg,43.966190338134766
006510.jpg,37.07701873779297
006461.jpg,30.560672760009766
007484.jpg,29.71639633178711
007194.jpg,24.23246955871582
005670.jpg,56.508445739746094
006044.jpg,28.515758514404297
006730.jpg,19.93787384033203
007076.jpg,16.20796775817871
006892.jpg,29.301647186279297
006437.jpg,48.93950653076172
005960.jpg,31.74331283569336
006144.jpg,31.756986618041992
005684.jpg,33.55724334716797
007047.jpg,16.06324005126953
007448.jpg,37.991661071777344
007080.jpg,20.507286071777344
006493.jpg,19.58817481994629
005629.jpg,26.134113311767578
007459.jpg,33.71978759765625
007492.jpg,29.532461166381836
006061.jpg,27.087051391601562
006652.jpg,28.96295738220215
006812.jpg,20.49007797241211
007164.jpg,25.458751678466797
006380.jpg,29.255115509033203
007380.jpg,34.16624450683594
005990.jpg,20.571718215942383
007480.jpg,15.761982917785645
005749.jpg,36.581382751464844
007264.jpg,27.91250991821289
006260.jpg,25.662485122680664
006557.jpg,51.54893112182617
006589.jpg,31.10641098022461
006729.jpg,49.365665435791016
007184.jpg,45.645790100097656
006797.jpg,29.99652099609375
006799.jpg,16.0104923248291
006830.jpg,32.751285552978516
006314.jpg,19.213237762451172
006465.jpg,31.9503173828125
006579.jpg,37.18043899536133
007357.jpg,15.216964721679688
006716.jpg,22.717119216918945
007350.jpg,37.71063232421875
005727.jpg,32.61807632446289
007305.jpg,30.685510635375977
005987.jpg,32.79833221435547
006566.jpg,17.584814071655273
006529.jpg,38.012176513671875
006719.jpg,31.329727172851562
006690.jpg,47.87350082397461
006454.jpg,37.675655364990234
005768.jpg,31.06392478942871
007029.jpg,63.13230514526367
006378.jpg,24.51423454284668
006065.jpg,35.410579681396484
006714.jpg,49.711551666259766
006023.jpg,33.68780517578125
006955.jpg,37.932926177978516
005832.jpg,30.958358764648438
007120.jpg,24.173742294311523
007060.jpg,15.437212944030762
007177.jpg,36.96989440917969
006618.jpg,23.024158477783203
006089.jpg,33.54474639892578
007097.jpg,41.90523147583008
006944.jpg,20.28353500366211
007297.jpg,18.991559982299805
007239.jpg,32.86709976196289
007574.jpg,29.06036949157715
006202.jpg,18.136547088623047
006109.jpg,46.59733200073242
005895.jpg,61.10762023925781
007384.jpg,29.968040466308594
006827.jpg,26.90709114074707
005994.jpg,17.408884048461914
006655.jpg,78.51048278808594
006915.jpg,34.1722526550293
006775.jpg,29.60910415649414
005943.jpg,36.01124954223633
005661.jpg,22.742820739746094
006768.jpg,21.617155075073242
006361.jpg,29.638885498046875
007283.jpg,29.992332458496094
006328.jpg,41.320213317871094
006541.jpg,17.473617553710938
007021.jpg,34.34298324584961
005955.jpg,29.860380172729492
007311.jpg,33.099063873291016
007095.jpg,39.63418960571289
007091.jpg,40.78759002685547
007018.jpg,37.69851303100586
006016.jpg,35.205650329589844
006332.jpg,29.931703567504883
007376.jpg,51.09272003173828
007151.jpg,30.127416610717773
007127.jpg,29.696380615234375
006121.jpg,71.56205749511719
005706.jpg,30.39971923828125
005617.jpg,34.711883544921875
005852.jpg,30.89818000793457
006129.jpg,36.443641662597656
007255.jpg,33.96853256225586
006002.jpg,48.884620666503906
006195.jpg,33.84257507324219
006271.jpg,31.55626106262207
007145.jpg,27.180212020874023
007518.jpg,39.61090087890625
006788.jpg,53.16755676269531
007147.jpg,22.3487491607666
006988.jpg,36.705135345458984
006628.jpg,35.7623291015625
007308.jpg,27.128427505493164
005794.jpg,43.220428466796875
006305.jpg,54.76731872558594
006497.jpg,34.23073959350586
006459.jpg,33.3183479309082
007551.jpg,19.321651458740234
007340.jpg,49.33925247192383
007195.jpg,29.165603637695312
006884.jpg,31.654752731323242
007059.jpg,16.758127212524414
007425.jpg,17.577783584594727
006397.jpg,56.59720993041992
007554.jpg,15.48608684539795
005664.jpg,36.99246597290039
005922.jpg,36.24238586425781
006389.jpg,24.835269927978516
006204.jpg,30.49332618713379
007366.jpg,23.67943000793457
006107.jpg,18.712331771850586
006492.jpg,31.550525665283203
007054.jpg,46.336082458496094
006916.jpg,24.59508514404297
005934.jpg,29.895105361938477
006192.jpg,32.76457977294922
006606.jpg,32.84476089477539
006924.jpg,31.5356388092041
005828.jpg,43.26136016845703
005861.jpg,46.39804458618164
007256.jpg,28.093395233154297
006123.jpg,41.331600189208984
005735.jpg,23.276042938232422
007178.jpg,34.61823654174805
006444.jpg,41.452064514160156
006322.jpg,23.803674697875977
006036.jpg,23.938304901123047
006573.jpg,39.892913818359375
006702.jpg,15.110490798950195
005887.jpg,31.026756286621094
005739.jpg,39.257354736328125
007391.jpg,23.99229621887207
006164.jpg,45.644813537597656
006538.jpg,22.24698829650879
007567.jpg,35.83830261230469
006333.jpg,29.81319808959961
006593.jpg,21.02324867248535
006104.jpg,16.748661041259766
007102.jpg,32.60723114013672
006032.jpg,22.60628890991211
006102.jpg,42.83400344848633
006205.jpg,47.10971450805664
006921.jpg,32.479095458984375
005638.jpg,29.306682586669922
007517.jpg,27.654897689819336
007216.jpg,54.03475570678711
007354.jpg,15.288949012756348
006435.jpg,34.37696075439453
006813.jpg,23.32154083251953
006199.jpg,73.38748168945312
007100.jpg,28.55507469177246
006836.jpg,30.767578125
007435.jpg,33.13851547241211
006754.jpg,38.58839797973633
007008.jpg,30.70075035095215
005996.jpg,22.610748291015625
007390.jpg,52.63434600830078
006911.jpg,15.908473014831543
006197.jpg,53.76249694824219
007003.jpg,30.643632888793945
005680.jpg,31.141267776489258
005905.jpg,37.9068603515625
006349.jpg,32.958335876464844
005983.jpg,55.2517204284668
005974.jpg,33.76276397705078
007208.jpg,27.036781311035156
007374.jpg,42.14432907104492
006914.jpg,27.67212677001953
007221.jpg,35.868980407714844
006487.jpg,25.946727752685547
006153.jpg,22.249313354492188
006870.jpg,36.181190490722656
006651.jpg,33.328338623046875
006407.jpg,15.29986572265625
005923.jpg,28.982593536376953
005890.jpg,34.81794738769531
007159.jpg,15.03743839263916
006514.jpg,29.951038360595703
006103.jpg,20.726755142211914
005701.jpg,26.47031593322754
007162.jpg,38.91063690185547
006657.jpg,30.04644012451172
006281.jpg,29.636037826538086
006866.jpg,29.261014938354492
005737.jpg,26.12200355529785
005626.jpg,29.795957565307617
007270.jpg,27.311845779418945
007152.jpg,62.09428024291992
006601.jpg,67.82618713378906
007474.jpg,16.62367057800293
006404.jpg,28.09320068359375
006889.jpg,29.864574432373047
005724.jpg,40.34575653076172
005776.jpg,61.6935920715332
006045.jpg,32.72014236450195
007176.jpg,15.002220153808594
006571.jpg,28.564577102661133
007575.jpg,43.69959259033203
006731.jpg,51.81352233886719
006744.jpg,37.21194839477539
007086.jpg,15.561924934387207
005820.jpg,28.347068786621094
007327.jpg,22.368377685546875
007552.jpg,23.085283279418945
005691.jpg,36.62445068359375
006326.jpg,15.58751392364502
006877.jpg,15.422805786132812
005765.jpg,29.278461456298828
006210.jpg,31.306474685668945
005782.jpg,57.03582000732422
005722.jpg,21.82814598083496
005720.jpg,28.464447021484375
006568.jpg,30.203739166259766
005936.jpg,16.355684280395508
005743.jpg,54.840667724609375
006745.jpg,65.98881530761719
005771.jpg,40.5818977355957
005988.jpg,16.103702545166016
005883.jpg,53.247657775878906
005726.jpg,37.48432159423828
006630.jpg,37.72988510131836
005829.jpg,46.0416374206543
006935.jpg,28.392126083374023
007289.jpg,22.771968841552734
005639.jpg,51.00004196166992
006610.jpg,15.079071044921875
007456.jpg,30.58429718017578
006359.jpg,21.77573013305664
005863.jpg,33.555885314941406
007022.jpg,52.13731384277344
006376.jpg,55.971038818359375
006039.jpg,44.636314392089844
006476.jpg,26.314294815063477
005953.jpg,63.85334014892578
007262.jpg,42.70699691772461
006031.jpg,33.102874755859375
006692.jpg,28.82875633239746
006958.jpg,29.381908416748047
006363.jpg,23.148807525634766
006223.jpg,40.612701416015625
005653.jpg,39.66617965698242
006456.jpg,40.215087890625
006372.jpg,27.36072540283203
006817.jpg,26.036165237426758
007473.jpg,31.283855438232422
005843.jpg,35.22821807861328
006451.jpg,48.877071380615234
007072.jpg,30.680421829223633
005630.jpg,32.572330474853516
005844.jpg,38.1496467590332
006761.jpg,30.32935333251953
006838.jpg,36.45359420776367
007099.jpg,37.86864471435547
005719.jpg,38.37910461425781
007015.jpg,34.033451080322266
006447.jpg,27.903661727905273
006948.jpg,37.5249137878418
006856.jpg,36.37112808227539
006585.jpg,39.34963607788086
006676.jpg,53.741519927978516
007043.jpg,15.169332504272461
006972.jpg,33.44887924194336
006298.jpg,33.42100143432617
006567.jpg,28.166423797607422
006414.jpg,36.053916931152344
006172.jpg,27.484682083129883
005980.jpg,37.599098205566406
007454.jpg,50.551048278808594
006477.jpg,60.06975555419922
006634.jpg,34.92534637451172
007382.jpg,18.187734603881836
006232.jpg,28.174150466918945
005927.jpg,57.20346450805664
007500.jpg,35.90412139892578
006992.jpg,28.727380752563477
006321.jpg,31.359270095825195
007049.jpg,36.65239715576172
006375.jpg,25.737051010131836
007304.jpg,22.012176513671875
005695.jpg,48.547523498535156
006292.jpg,42.29536056518555
006664.jpg,36.84309768676758
006881.jpg,33.810081481933594
006319.jpg,29.64011573791504
006549.jpg,27.791217803955078
006262.jpg,28.47527313232422
005644.jpg,56.789974212646484
007192.jpg,29.46251678466797
005945.jpg,55.80704116821289
006681.jpg,27.010347366333008
005792.jpg,15.5214204788208
006141.jpg,42.96877670288086
005992.jpg,31.24700164794922
007056.jpg,37.142677307128906
006099.jpg,20.428552627563477
006131.jpg,34.26954650878906
007106.jpg,31.26610565185547
007419.jpg,33.74480438232422
005799.jpg,36.012596130371094
007583.jpg,20.610733032226562
007404.jpg,16.276151657104492
006035.jpg,34.399635314941406
006198.jpg,29.86802101135254
006973.jpg,45.47112274169922
007292.jpg,26.957334518432617
006154.jpg,40.83628845214844
007368.jpg,37.713890075683594
007444.jpg,38.50336456298828
007163.jpg,15.530607223510742
007485.jpg,34.526222229003906
007581.jpg,25.93777084350586
006325.jpg,31.653614044189453
006188.jpg,25.002431869506836
006040.jpg,41.494956970214844
006148.jpg,34.59764099121094
006600.jpg,36.81425857543945
006162.jpg,32.89414978027344
007564.jpg,17.31468963623047
006771.jpg,16.90886688232422
007427.jpg,36.259971618652344
007367.jpg,30.233806610107422
007476.jpg,23.381834030151367
007175.jpg,42.412803649902344
007414.jpg,49.45161056518555
006671.jpg,31.854833602905273
006612.jpg,41.155921936035156
005949.jpg,46.44532775878906
007479.jpg,33.221195220947266
007242.jpg,29.003314971923828
006928.jpg,75.00586700439453
006124.jpg,50.35851287841797
006831.jpg,21.673831939697266
006203.jpg,40.29319763183594
006334.jpg,41.753726959228516
005677.jpg,66.7464599609375
007494.jpg,62.52522277832031
007035.jpg,27.302690505981445
006289.jpg,27.137983322143555
006041.jpg,30.52764892578125
007590.jpg,33.116641998291016
007204.jpg,73.82971954345703
006993.jpg,20.415193557739258
007602.jpg,16.868247985839844
007534.jpg,33.76651382446289
007446.jpg,33.49799346923828
005689.jpg,29.76412010192871
006863.jpg,67.91867065429688
006667.jpg,39.459991455078125
006083.jpg,39.59061050415039
006458.jpg,29.534440994262695
005752.jpg,43.75505065917969
007253.jpg,15.100024223327637
006997.jpg,42.479129791259766
006086.jpg,70.49722290039062
007369.jpg,37.17763900756836
006033.jpg,35.967281341552734
006385.jpg,38.59854507446289
006258.jpg,62.759544372558594
006112.jpg,34.14213943481445
007441.jpg,33.8663444519043
006694.jpg,31.607967376708984
006169.jpg,68.3105697631836
005785.jpg,28.884218215942383
007586.jpg,34.10743713378906
005924.jpg,24.9951229095459
005830.jpg,44.775970458984375
007281.jpg,30.152976989746094
006056.jpg,36.164886474609375
007397.jpg,28.611351013183594
007220.jpg,27.60698699951172
006559.jpg,29.98558235168457
007355.jpg,23.296993255615234
007385.jpg,39.55457305908203
006947.jpg,26.483753204345703
007358.jpg,44.23872375488281
005995.jpg,30.646635055541992
006994.jpg,37.424415588378906
005716.jpg,33.42092514038086
006128.jpg,30.36185073852539
005942.jpg,33.3708381652832
006227.jpg,33.44734191894531
005986.jpg,25.72612190246582
006187.jpg,52.17466354370117
005655.jpg,39.33393096923828
005968.jpg,30.819355010986328
006553.jpg,27.966705322265625
006348.jpg,37.763004302978516
005875.jpg,36.347679138183594
006354.jpg,39.29669189453125
007017.jpg,36.32050323486328
006563.jpg,34.96849822998047
006243.jpg,33.900142669677734
007329.jpg,30.909902572631836
007209.jpg,32.958702087402344
007491.jpg,30.339109420776367
007258.jpg,15.468308448791504
006499.jpg,29.4815616607666
006616.jpg,34.169612884521484
006822.jpg,39.42214584350586
006989.jpg,56.558834075927734
006001.jpg,46.87688446044922
006230.jpg,30.981117248535156
006269.jpg,15.518193244934082
005797.jpg,35.5904426574707
006050.jpg,61.54673767089844
005756.jpg,31.92435646057129
006467.jpg,26.42555046081543
006166.jpg,25.65908432006836
006857.jpg,65.86517333984375
007317.jpg,18.24447250366211
007225.jpg,30.363555908203125
007570.jpg,36.717769622802734
006550.jpg,22.018356323242188
006464.jpg,21.717626571655273
007274.jpg,23.264026641845703
006055.jpg,28.15524673461914
006063.jpg,21.937175750732422
007594.jpg,26.3789119720459
007347.jpg,28.57297134399414
006079.jpg,68.36359405517578
006757.jpg,52.39493179321289
006898.jpg,40.150997161865234
006469.jpg,41.68717575073242
006069.jpg,66.4436264038086
007611.jpg,33.52194595336914
006984.jpg,31.389677047729492
006648.jpg,33.25894546508789
005747.jpg,32.840538024902344
006660.jpg,29.268056869506836
005961.jpg,53.11284637451172
005981.jpg,21.329633712768555
007453.jpg,27.99840545654297
007426.jpg,32.13080596923828
006895.jpg,20.544761657714844
007033.jpg,32.108829498291016
006533.jpg,31.681943893432617
007595.jpg,55.71054458618164
006971.jpg,42.55235290527344
005984.jpg,25.082597732543945
006003.jpg,29.263957977294922
005893.jpg,28.782943725585938
007142.jpg,15.097190856933594
006331.jpg,38.394256591796875
007237.jpg,39.70068359375
006832.jpg,39.81844711303711
006381.jpg,23.65829849243164
005628.jpg,65.01152038574219
007457.jpg,29.711952209472656
007579.jpg,30.21941375732422
007214.jpg,27.026657104492188
007499.jpg,21.18623161315918
006266.jpg,19.632366180419922
005635.jpg,33.39356231689453
007348.jpg,28.148178100585938
006711.jpg,40.89242935180664
007440.jpg,45.739803314208984
006515.jpg,38.79314041137695
006732.jpg,30.28145980834961
006084.jpg,42.85909652709961
006457.jpg,39.73441696166992
007508.jpg,36.569759368896484
006701.jpg,40.26414108276367
005694.jpg,21.112462997436523
006654.jpg,27.688907623291016
006910.jpg,31.386566162109375
006551.jpg,51.45637130737305
006806.jpg,35.25026321411133
006720.jpg,28.40424156188965
005894.jpg,31.92755889892578
007507.jpg,32.29301071166992
007133.jpg,42.537540435791016
007526.jpg,74.65303039550781
007315.jpg,33.714599609375
006734.jpg,15.717373847961426
006835.jpg,22.886926651000977
007365.jpg,71.37488555908203
005654.jpg,31.22381591796875
005812.jpg,28.439132690429688
005705.jpg,48.8279914855957
007286.jpg,37.29646682739258
005952.jpg,41.750999450683594
007515.jpg,36.76145553588867
006421.jpg,37.149139404296875
006346.jpg,41.651859283447266
005619.jpg,32.13157272338867
006330.jpg,26.43716812133789
006008.jpg,20.08893394470215
005850.jpg,32.62879943847656
007271.jpg,34.88362121582031
005620.jpg,38.534141540527344
007088.jpg,51.70984649658203
006710.jpg,15.783557891845703
006625.jpg,52.618106842041016
006470.jpg,45.140541076660156
007582.jpg,43.60686111450195
006490.jpg,36.39585876464844
006062.jpg,44.622859954833984
006954.jpg,31.87975311279297
006996.jpg,16.215679168701172
007115.jpg,34.04619598388672
005672.jpg,30.688331604003906
006416.jpg,66.74700164794922
006613.jpg,30.278369903564453
007071.jpg,74.98704528808594
007122.jpg,30.80509376525879
006474.jpg,29.74668312072754
007085.jpg,54.914920806884766
005813.jpg,39.03266525268555
006875.jpg,32.09953689575195
006019.jpg,31.247060775756836
006159.jpg,21.9246883392334
006635.jpg,29.486797332763672
006163.jpg,42.690860748291016
006979.jpg,40.41267776489258
006402.jpg,28.874067306518555
006410.jpg,55.582183837890625
005754.jpg,17.352127075195312
006603.jpg,30.5466365814209
005636.jpg,34.37535095214844
007296.jpg,49.45822525024414
006362.jpg,22.740140914916992
007410.jpg,38.399837493896484
006599.jpg,56.752906799316406
006918.jpg,26.5859432220459
006179.jpg,59.09333038330078
007050.jpg,37.271766662597656
005876.jpg,34.856388092041016
006140.jpg,38.4150390625
006698.jpg,22.382633209228516
006249.jpg,42.29812240600586
007215.jpg,74.18280029296875
006767.jpg,34.30001449584961
006239.jpg,30.707195281982422
006967.jpg,42.31749725341797
006377.jpg,15.100213050842285
006739.jpg,46.2138671875
006543.jpg,49.07554244995117
005708.jpg,34.07971954345703
006632.jpg,29.769699096679688
006436.jpg,33.77998352050781
006509.jpg,32.4716682434082
005816.jpg,32.460086822509766
005807.jpg,38.00810623168945
006270.jpg,29.612430572509766
005860.jpg,29.505704879760742
006403.jpg,62.298561096191406
006843.jpg,46.029640197753906
006598.jpg,52.59295654296875
007372.jpg,51.561302185058594
006229.jpg,61.96808624267578
006277.jpg,45.953575134277344
006687.jpg,36.31325149536133
006802.jpg,50.460418701171875
007408.jpg,35.97208786010742
006887.jpg,16.790586471557617
005839.jpg,38.54013442993164
007430.jpg,39.82272720336914
007555.jpg,48.06608963012695
006537.jpg,26.76273536682129
006236.jpg,29.6047306060791
005712.jpg,16.103322982788086
006147.jpg,23.73796272277832
007068.jpg,60.53445816040039
005761.jpg,50.77912902832031
006335.jpg,32.4996223449707
007109.jpg,15.493404388427734
006580.jpg,64.55775451660156
006560.jpg,19.856855392456055
005962.jpg,31.96465301513672
006312.jpg,18.786029815673828
005645.jpg,47.223968505859375
006880.jpg,15.121957778930664
006715.jpg,32.73252487182617
006691.jpg,35.87435531616211
005939.jpg,26.867877960205078
005696.jpg,31.23403549194336
005715.jpg,46.48333740234375
005643.jpg,57.59940719604492
007371.jpg,57.563575744628906
006622.jpg,57.75897216796875
007572.jpg,24.149803161621094
006297.jpg,33.899837493896484
005815.jpg,34.872718811035156
007332.jpg,22.127952575683594
006480.jpg,21.137889862060547
007180.jpg,35.43868637084961
007051.jpg,17.363710403442383
005642.jpg,45.823097229003906
006020.jpg,32.3779411315918
006772.jpg,52.45913314819336
006522.jpg,34.060546875
006196.jpg,25.249414443969727
005658.jpg,36.41307830810547
007525.jpg,26.44647789001465
006974.jpg,38.42208480834961
007431.jpg,34.84064483642578
005660.jpg,30.003767013549805
005767.jpg,39.855289459228516
006190.jpg,26.663440704345703
005791.jpg,24.34954833984375
007502.jpg,44.111270904541016
007524.jpg,36.976009368896484
006143.jpg,30.302860260009766
005713.jpg,31.83586883544922
007146.jpg,32.714927673339844
007200.jpg,16.387928009033203
005637.jpg,44.90981674194336
006391.jpg,29.116979598999023
006595.jpg,15.4339599609375
006842.jpg,35.62148666381836
005926.jpg,49.28996658325195
007040.jpg,34.7227783203125
005762.jpg,50.19145584106445
006713.jpg,29.160064697265625
007403.jpg,15.363100051879883
006858.jpg,32.181968688964844
007096.jpg,31.585725784301758
005730.jpg,27.882993698120117
005682.jpg,38.75225830078125
006920.jpg,29.597686767578125
006401.jpg,38.548362731933594
005681.jpg,45.65421676635742
007149.jpg,26.981807708740234
007569.jpg,33.13961410522461
006943.jpg,26.33346939086914
005805.jpg,48.069644927978516
006845.jpg,64.98570251464844
007249.jpg,41.73206329345703
006018.jpg,45.087432861328125
006513.jpg,35.71671676635742
007294.jpg,53.48097229003906
006668.jpg,39.20525360107422
007576.jpg,62.28639221191406
006650.jpg,40.003047943115234
006370.jpg,36.65361404418945
005675.jpg,47.02906036376953
006351.jpg,38.12714385986328
006680.jpg,37.09349060058594
007154.jpg,39.20473861694336
006727.jpg,66.59150695800781
005985.jpg,40.87049102783203
006481.jpg,45.13902282714844
006059.jpg,36.28678512573242
007290.jpg,30.381267547607422
006220.jpg,33.8519287109375
006455.jpg,60.60592269897461
006959.jpg,38.28346633911133
007011.jpg,39.59739685058594
006308.jpg,25.51517677307129
006419.jpg,15.199994087219238
006483.jpg,27.61345672607422
007001.jpg,27.375707626342773
007471.jpg,20.836448669433594
005933.jpg,73.81523895263672
006117.jpg,24.212268829345703
007487.jpg,29.25729751586914
007105.jpg,30.207210540771484
006120.jpg,44.086456298828125
006288.jpg,18.07044792175293
007103.jpg,30.68614387512207
005896.jpg,28.217130661010742
006132.jpg,33.057125091552734
005885.jpg,32.21049499511719
005652.jpg,52.1257438659668
006755.jpg,61.26884078979492
007392.jpg,30.655433654785156
007344.jpg,33.50244903564453
007167.jpg,49.50257110595703
007186.jpg,15.574472427368164
007469.jpg,27.824514389038086
005734.jpg,48.98285675048828
007322.jpg,37.50996017456055
006226.jpg,22.954660415649414
006707.jpg,23.75685691833496
006539.jpg,27.09583282470703
006233.jpg,30.371593475341797
005818.jpg,30.538829803466797
005733.jpg,30.836837768554688
